{
  "visual": {
    "name": "Gantt",
    "displayName": "Gantt",
    "guid": "Gantt1448688115699",
    "visualClassName": "Gantt",
    "version": "0.5.1",
    "description": "A Gantt chart is a type of bar chart which illustrates a project timeline or schedule. The Gantt Chart visual shows the Tasks, Start Dates, Durations, % Complete, and Resources for a project. The Gantt Chart visual can be used to show current schedule status using percent-complete shadings and a vertical \"TODAY\" line. The Legend may be used to group or filter tasks based upon data values.",
    "supportUrl": "http://community.powerbi.com",
    "gitHubUrl": "https://github.com/Microsoft/powerbi-visuals-gantt"
  },
  "apiVersion": "1.4.0",
  "author": {
    "name": "Microsoft",
    "email": "pbicvsupport@microsoft.com"
  },
  "assets": {
    "icon": "assets/icon.png"
  },
  "externalJS": [
    "node_modules/jquery/dist/jquery.min.js",
    "node_modules/d3/d3.min.js",
    "node_modules/lodash/lodash.min.js",
    "node_modules/globalize/lib/globalize.js",
    "node_modules/globalize/lib/cultures/globalize.culture.en-US.js",
    "node_modules/powerbi-visuals-utils-dataviewutils/lib/index.js",
    "node_modules/powerbi-visuals-utils-typeutils/lib/index.js",
    "node_modules/powerbi-visuals-utils-svgutils/lib/index.js",
    "node_modules/powerbi-visuals-utils-formattingutils/lib/index.js",
    "node_modules/powerbi-visuals-utils-interactivityutils/lib/index.js",
    "node_modules/powerbi-visuals-utils-tooltiputils/lib/index.js",
    "node_modules/powerbi-visuals-utils-colorutils/lib/index.js",
    "node_modules/powerbi-visuals-utils-chartutils/lib/index.js"
  ],
  "style": "style/gantt.less",
  "capabilities": "capabilities.json",
  "dependencies": "dependencies.json"
}
